product_id,product_name,date,price
P001,A Light in the Attic,2026-10-04,51.77
P002,Tipping the Velvet,2026-10-04,53.74
P003,Soumission,2026-10-04,50.1
P004,Sharp Objects,2026-10-04,47.82
P005,Sapiens: A Brief History of Humankind,2026-10-04,54.23
P006,The Requiem Red,2026-10-04,22.65
P007,The Dirty Little Secrets of Getting Your Dream Job,2026-10-04,33.34
P008,"The Coming Woman: A Novel Based on the Life of the Infamous Feminist, Victoria Woodhull",2026-10-04,17.93
P009,The Boys in the Boat: Nine Americans and Their Epic Quest for Gold at the 1936 Berlin Olympics,2026-10-04,22.6
P010,The Black Maria,2026-10-04,52.15
P011,"Starving Hearts (Triangular Trade Trilogy, #1)",2026-10-04,13.99
P012,Set Me Free,2026-10-04,17.46
P013,Scott Pilgrim's Precious Little Life (Scott Pilgrim #1),2026-10-04,52.29
P014,Rip it Up and Start Again,2026-10-04,35.02
P015,"Our Band Could Be Your Life: Scenes from the American Indie Underground, 1981-1991",2026-10-04,57.25
P016,Olio,2026-10-04,23.88
P017,Mesaerion: The Best Science Fiction Stories 1800-1849,2026-10-04,37.59
P018,Libertarianism for Beginners,2026-10-04,51.33
P019,It's Only the Himalayas,2026-10-04,45.17
